name,duration_avg,duration_std
CoralNewschester,49.81,0.77
DarkOrangeFarton,25.03,5.46
MintCreamSkillmouth,79.38,9.21
WhiteSmokeFamilymouth,58.95,7.51
MediumSeaGreenWriteview,59.68,7.13
FloralWhiteSitemouth,3.15,3.43
TealFilmland,94.0,4.82
MediumSpringGreenProcessmouth,95.49,5.22
RedMrsbury,78.82,4.3
TurquoiseViewborough,69.13,4.23
DarkOrangeManbury,47.25,6.28
YellowGreenNearlyside,64.84,4.89
SiennaOfferbury,16.18,5.29
AquaEvershire,19.89,9.49
DarkSlateBlueRaceburgh,22.89,8.41
LightGrayWinfort,51.92,0.94
DarkSeaGreenQuicklyborough,32.09,5.64
OrchidMillionton,85.77,3.3
TurquoisePoliticalstad,50.73,5.17
BlueVioletCovermouth,3.03,8.25
BlanchedAlmondMessagehaven,59.09,8.35
AntiqueWhitePossibleview,36.33,9.81
IvoryUsborough,12.4,2.42
GreenImpactberg,34.79,9.77
DarkGoldenRodLifeton,15.85,2.0
LightCyanDeterminetown,44.55,6.22
SpringGreenSortport,13.58,9.75
FloralWhiteLivebury,58.78,0.69
DarkSlateBlueHandtown,74.14,8.44
RedGroundfort,15.86,2.15
DodgerBlueTripmouth,39.18,1.78
WhiteSpaceland,17.37,8.07
LightCoralDuringland,63.13,5.2
LightSlateGrayOfficerberg,98.85,6.73
TomatoOffmouth,53.67,3.92
SiennaStartburgh,97.01,3.46
AntiqueWhiteWithoutchester,65.67,7.45
SeaGreenThreatmouth,51.98,5.59
DarkOliveGreenLandfurt,15.23,0.96
BisqueTeacherside,29.06,7.36
AntiqueWhiteTravelstad,80.46,0.59
DarkKhakiDetermineville,58.29,7.01
LightSteelBlueRecognizeburgh,17.28,3.0
PaleTurquoiseStreetview,76.45,6.4
RosyBrownFillview,10.63,1.73
GoldLayport,96.44,7.28
PeachPuffWomanshire,56.38,8.69
SaddleBrownMarkethaven,44.8,1.12
IndianRedShouldhaven,26.9,6.52
WhiteSmokeWorkertown,50.54,2.28
WhiteSmokeBenefitland,7.14,2.65
OrangeArticleberg,45.37,4.16
MintCreamFillshire,50.01,7.02
OrchidHimton,8.2,9.16
LemonChiffonManton,27.64,1.59
AntiqueWhiteHowport,56.23,5.28
OrchidFollowfort,37.45,9.33
DarkOliveGreenWatchburgh,10.99,9.32
LightGoldenRodYellowFiveton,90.59,3.48
OliveDrabBuildingstad,87.89,6.89
IndianRedSuggesttown,25.23,4.6
LightSalmonChoosestad,54.08,5.65
MediumTurquoiseEverythington,1.81,3.35
PowderBlueExistport,69.2,7.24
DarkOliveGreenAlwaysview,53.66,0.99
TealProductionburgh,86.88,5.68
SteelBlueThoughtport,63.46,9.95
DarkGoldenRodWhomberg,86.89,1.86
MediumPurpleBodyfort,54.72,5.29
MediumBlueMomentchester,53.79,3.92
MediumSeaGreenBehindside,26.26,3.13
DarkOrchidStreetbury,16.2,6.43
KhakiReallystad,10.96,9.14
BurlyWoodAccordingstad,69.2,1.89
MaroonBlackhaven,2.68,5.64
LightPinkMatterland,28.7,4.56
PeachPuffInside,31.53,8.24
DarkGrayNewsborough,64.76,1.55
WheatAppearview,47.42,2.22
GhostWhiteMorninghaven,94.24,5.23
BeigeSellville,14.13,9.26
SeaShellBenefitshire,3.64,5.16
AliceBlueAlthoughborough,66.86,6.47
SlateGrayDownton,7.62,2.9
IndianRedFewton,64.22,4.89
LightSeaGreenActport,10.37,2.56
YellowAgencyberg,62.6,9.39
MediumSpringGreenOneshire,63.09,3.08
LightGreenItsstad,64.53,8.82
LawnGreenComparebury,49.78,0.81
SalmonPrettyhaven,65.24,4.71
IndianRedChanceburgh,1.85,8.09
FloralWhiteAboveshire,43.61,9.92
MediumSpringGreenQuicklymouth,89.62,9.82
VioletTotalside,72.03,7.36
VioletSitemouth,63.25,2.32
OldLaceLessstad,57.6,4.69
SeaGreenThirdmouth,31.5,6.6
NavajoWhiteGofort,71.54,9.38
PapayaWhipAbleburgh,27.52,2.04
GoldBeautifulland,50.96,8.26
PeruBuildingburgh,59.23,5.35
CornflowerBlueRangeton,6.55,5.2
DarkOrangeAnythingside,12.37,3.4
OldLaceAndstad,85.05,6.18
MidnightBlueTwomouth,95.41,7.37
GoldenRodBodymouth,20.46,2.01
MediumPurpleCoursefurt,62.89,7.15
LightGoldenRodYellowTurnburgh,81.14,1.02
OrangeRedLeadmouth,40.27,5.77
LightYellowBallbury,78.43,3.66
TealAddberg,63.39,5.6
FuchsiaMedicalberg,63.71,3.25
DarkOrchidBringview,81.12,1.81
AquaAssumeville,37.07,2.33
GreenExistland,98.18,8.77
SnowHairtown,22.42,7.0
YellowGreenEverythingstad,94.29,2.83
CrimsonMarriageborough,3.69,2.45
DimGrayStyleburgh,1.09,1.13
PlumNecessaryland,46.93,2.22
SnowRespondville,26.58,3.38
LightSeaGreenHotmouth,66.88,7.81
LightGoldenRodYellowSuffertown,21.08,3.88
DarkSlateBluePatternburgh,51.44,0.26
MaroonWideton,62.09,3.57
LightSeaGreenAside,94.71,3.07
PurpleNoton,12.04,1.66
BurlyWoodChildstad,32.93,8.35
DeepPinkEffectfort,92.61,2.24
OrangeTakeview,98.61,9.94
MistyRoseAirberg,66.48,3.45
DarkGreenInsteadport,10.95,4.36
CrimsonStoryfurt,86.08,0.95
MediumAquaMarineEveryburgh,36.09,8.68
MediumSeaGreenProtectborough,92.16,9.06
MediumPurpleElseberg,23.98,6.41
PlumBillionmouth,64.33,4.62
IndianRedIndividualtown,71.91,9.09
PaleTurquoiseSomefurt,25.68,0.43
TurquoiseConcerntown,16.45,1.37
LimeStationport,37.62,2.56
LemonChiffonTroublemouth,77.47,6.18
HoneyDewOncehaven,48.8,2.32
MediumSeaGreenWhetherview,94.4,2.18
OliveAbilityfort,6.98,7.01
DarkOrchidDayburgh,19.9,6.59
DodgerBlueDirectionfurt,92.6,7.76
BrownLittleport,74.76,0.32
CoralCurrentburgh,95.63,6.47
PinkNorthton,89.37,0.71
PinkWatchburgh,92.93,7.79
TomatoAllowville,72.64,6.42
ChartreuseAmountfurt,84.85,4.64
LavenderBlushDropville,60.1,2.32
MistyRoseNameshire,11.43,4.55
BisqueEntireberg,41.96,2.0
YellowGreenYetland,31.17,7.35
OrangeRedWellbury,39.68,3.19
DarkVioletRegionside,1.31,0.41
DarkVioletSimilartown,45.68,8.36
MistyRoseOrganizationview,43.35,0.86
DarkRedAlmostbury,49.58,4.27
DarkSlateBlueGovernmentton,66.99,1.25
LightBlueAppearberg,39.32,0.76
OliveDrabTreefort,94.15,9.39
WhiteSmokeLearnport,46.99,2.55
NavajoWhiteWeightstad,21.4,4.74
RedHospitalfurt,97.61,3.01
DeepPinkEventchester,25.47,2.69
DarkOrangeDesignmouth,38.04,4.15
DarkCyanConferenceport,3.06,7.83
OliveDrabModelfort,13.69,5.73
DimGraySinglebury,94.61,6.44
LawnGreenParentville,63.88,3.37
WhiteSmokeRecognizeport,75.89,2.63
FuchsiaHandburgh,45.81,2.59
OrangeControlstad,62.83,4.2
GhostWhiteFewside,98.18,5.8
ForestGreenRaceburgh,69.55,5.1
SlateGrayAdministrationhaven,74.33,1.09
LightGoldenRodYellowAnalysisville,32.66,1.78
SeaGreenHeadtown,35.73,1.9
LightSkyBlueDesignmouth,97.16,3.28
DodgerBlueNightport,52.37,5.47
MagentaArtborough,95.09,3.69
HotPinkPlacestad,67.74,7.5
LawnGreenTroubleville,21.85,0.54
OrchidThoseberg,38.92,5.08
ThistleNationton,19.68,6.03
LightCoralCupbury,34.76,7.24
GreenPracticechester,11.33,1.7
LightSkyBlueIndustryport,83.24,2.21
MediumSpringGreenClassville,2.27,1.41
FuchsiaLosechester,43.44,1.34
LightSeaGreenDefenseburgh,61.18,1.84
AntiqueWhiteStylebury,70.96,6.59
DarkRedPicturefurt,60.07,8.22
DarkBlueSuccessberg,80.9,6.02
ChocolatePartfurt,78.31,9.11
CoralFrommouth,45.2,7.08
LightCyanClaimfort,43.46,5.95
SeaShellRealizechester,92.95,3.97
DarkOrangeAboveside,27.1,4.12
MediumSpringGreenThankberg,34.02,8.07
HoneyDewComputerhaven,61.27,2.46
ChocolateThemberg,71.29,6.18
FloralWhiteForgetside,76.61,5.77
PinkConcernton,66.56,8.83
LightSeaGreenGuessberg,70.06,3.9
GrayEnterside,38.52,1.51
AliceBlueSystemstad,98.19,6.5
PurpleBeforestad,96.72,9.67
PowderBlueGiveville,92.42,5.67
SilverFastview,35.65,4.74
TanWeightville,95.21,8.31
FuchsiaNothington,47.9,1.89
BisqueResearchview,74.64,2.97
AzureBehindside,66.95,1.83
DarkSlateGrayCarrymouth,16.18,1.33
CornsilkLeastville,42.01,8.23
FuchsiaOrderport,66.46,8.27
CadetBlueOftenville,94.64,6.02
WhiteSmokeStorytown,25.58,2.45
AzureShouldhaven,43.55,3.65
DarkSalmonStationview,26.63,9.95
LightSalmonYearton,51.01,4.91
DarkGoldenRodReligiousborough,92.04,2.65
LawnGreenSortberg,97.21,5.32
NavajoWhiteHopefurt,30.69,2.75
WheatMeasureview,31.85,4.17
CornsilkSignfurt,88.33,1.71
GrayVerychester,38.1,7.68
LightSalmonFallton,47.49,4.66
ChartreuseItemton,95.24,0.9
IvoryNaturechester,5.79,8.05
GreenYellowSomethingbury,90.14,6.96
PaleVioletRedHappenberg,70.9,8.93
WhiteSmokeYourselfburgh,98.65,7.59
BlueVioletTheland,28.67,9.27
CornsilkAlreadyshire,83.65,6.77
SandyBrownHavestad,33.07,3.29
NavyThreeville,38.25,5.91
BeigeGreenfurt,53.06,5.73
DeepSkyBlueCaseside,84.6,6.11
OrangeRedMissionton,12.66,6.98
PowderBlueBoytown,24.18,0.36
MidnightBluePrettyfurt,77.5,2.09
LemonChiffonReallyport,18.88,9.39
SlateGrayBloodmouth,38.57,4.38
LemonChiffonTotalburgh,55.21,9.11
SaddleBrownHardport,14.44,6.88
DarkRedUsuallyburgh,4.12,4.08
NavyStandardstad,42.75,6.12
DarkCyanStreetstad,43.61,5.48
LimeExampleport,83.0,2.36
GoldenRodWritehaven,47.31,3.78
PaleGoldenRodSaymouth,41.96,0.7
CrimsonEverybodystad,93.67,1.45
MistyRoseDevelopmentmouth,26.87,0.88
LightSlateGrayAccepttown,12.66,2.95
LimeStreetfort,70.34,1.31
CrimsonForcemouth,65.12,3.2
PaleGoldenRodInvolveburgh,24.81,2.4
SalmonArticletown,92.02,4.54
PaleGreenSureton,89.03,2.47
ThistleEnterstad,79.5,8.21
DarkSalmonAllville,84.13,0.47
PinkNoticemouth,56.42,4.85
MediumAquaMarineCarryview,66.14,6.25
TealOldville,66.96,4.48
LimeTreemouth,94.12,0.49
LightCyanWriterbury,81.47,9.06
DarkSlateGraySituationhaven,64.4,0.48
CornsilkBecauseberg,84.51,7.34
LightSalmonAnswerstad,34.05,1.23
CyanAvoidburgh,83.97,1.07
ForestGreenPressurebury,69.93,7.24
OliveNecessaryborough,1.64,8.33
DeepPinkNoticechester,15.09,8.55
TurquoiseWorldfort,15.13,1.68
AzureUseshire,61.56,4.68
MidnightBlueSeemburgh,22.62,9.48
CyanDecadeville,9.45,0.53
LightSteelBlueDrawshire,63.65,1.74
MediumBlueNearshire,14.32,2.36
DarkKhakiDifferenceborough,44.17,0.67
LimeGreenSurebury,93.1,8.23
SeaShellOverville,62.7,6.65
BrownDemocratburgh,67.33,9.17
DimGrayPresentbury,24.73,1.43
FireBrickPhysicalberg,69.3,6.52
DarkSeaGreenFrontchester,46.44,2.16
PlumMessagehaven,93.59,9.4
DarkGreenBecausebury,26.51,1.44
MediumSpringGreenDemocratichaven,2.86,4.06
LightSeaGreenThousandfurt,45.0,3.37
DarkOliveGreenAgencyton,44.89,6.66
MediumSlateBlueManbury,6.26,9.31
BeigeSomeoneburgh,85.91,7.83
PlumImportantfort,7.16,8.47
GreenYellowLighttown,16.27,4.9
GoldArthaven,57.28,8.67
ChartreuseColorport,94.65,0.12
MediumPurpleMotherstad,76.53,7.93
GoldenRodOthersport,71.11,8.34
OrangeBeport,41.29,5.27
LinenReallyborough,68.09,9.24
GhostWhiteAuthortown,2.65,3.53
MediumTurquoiseReligiousland,26.92,0.25
BlackFormville,70.06,7.39
AliceBlueMomentchester,51.48,8.98
MediumOrchidSeriesville,76.47,8.1
SlateBlueCallstad,51.22,2.97
GhostWhiteSouthernport,32.17,7.25
SpringGreenDiscussfurt,74.55,5.75
DarkKhakiSpaceshire,4.93,9.44
LightCoralDeepport,15.7,0.97
DarkSlateGrayMillionmouth,98.62,6.01
LightSeaGreenTheside,96.53,7.85
PaleVioletRedAnyshire,99.61,8.98
YellowHerton,54.64,5.0
MistyRoseTreeburgh,12.61,0.67
PaleTurquoiseAttentionburgh,51.25,7.37
RoyalBlueStudyville,64.58,7.99
GrayEvenfurt,60.13,8.19
PeruMayton,37.19,0.19
SpringGreenBallburgh,70.37,3.57
PaleGreenArticleview,55.8,1.49
LightCyanKindfurt,96.17,7.8
DarkOrchidAlwaysbury,64.14,3.66
SilverSpeechfurt,74.79,3.53
DarkOrchidOkburgh,78.74,6.71
LightCoralRemainfort,73.35,0.84
WheatTreefurt,10.82,1.25
MediumAquaMarineRockfurt,73.96,1.23
LawnGreenLoseborough,50.28,1.25
OrangeRedEventbury,89.65,3.91
AliceBlueUnitton,56.81,3.02
FireBrickDemocratfurt,8.65,1.81
PaleTurquoiseCoachberg,28.28,2.4
RedSpeechmouth,6.14,8.82
CrimsonOfficebury,33.23,9.65
DarkBlueEnterfurt,69.65,8.65
AquaAgainside,93.13,2.57
MediumSpringGreenRealitychester,90.36,0.94
LightBlueFollowbury,17.92,7.37
LimeSeasonburgh,12.92,5.19
TealPagefurt,97.37,7.0
PeruCrimehaven,22.64,2.5
ForestGreenMarketfort,96.47,1.77
DarkSalmonRaceview,6.76,0.81
DimGrayNewchester,66.75,0.13
LightSalmonModelmouth,63.62,2.36
PowderBlueReallystad,38.41,1.75
PaleGreenHugeton,26.3,6.0
BurlyWoodCivilport,53.03,6.89
MediumSpringGreenWholeburgh,51.75,4.18
MediumTurquoiseDecisionport,37.31,0.53
DeepSkyBlueAnymouth,26.78,3.42
DarkMagentaAgeville,86.98,6.15
LightGraySuggestberg,11.44,6.5
GrayCandidatetown,66.99,1.71
DarkSeaGreenNatureburgh,16.52,2.57
DarkSlateGrayHighland,92.88,0.49
PurpleSometimesland,24.11,2.06
LavenderBlushResultmouth,77.39,2.85
TomatoStillbury,10.58,2.78
GreenGameport,19.52,7.18
DarkVioletRatetown,76.3,8.27
MediumVioletRedOfffort,4.22,7.44
DodgerBlueSouthernborough,46.99,6.63
BlueVioletAsville,49.29,7.86
LightCyanWithinville,82.5,3.86
CrimsonHerefort,90.26,5.35
CrimsonCheckhaven,44.98,5.05
CornflowerBlueByfort,78.99,6.51
MediumVioletRedPracticeton,22.36,4.58
DarkVioletAtport,23.72,0.88
LemonChiffonToobury,96.49,2.93
LightBlueAllowfort,94.54,2.54
SlateGrayNearmouth,87.17,2.02
BeigeItemshire,63.71,8.71
TomatoSongside,31.03,1.61
DarkVioletWaterberg,44.43,8.62
DimGrayLeftchester,70.55,2.8
OrangePoorton,48.5,1.3
ChartreuseBlueport,62.57,7.54
HoneyDewYoungville,9.39,4.51
BlueVioletSohaven,80.15,4.03
PaleGreenRecentlychester,89.85,8.2
MistyRoseMyland,98.15,8.38
YellowGreenAgohaven,20.82,0.46
GreenPiecehaven,85.48,0.46
SandyBrownEstablishbury,96.38,3.32
SpringGreenMomenttown,81.38,1.5
SilverRecentberg,22.46,3.82
DarkSlateGrayWomanland,99.64,0.18
AquamarineWarfort,60.52,6.96
LightSlateGrayEconomyhaven,12.52,1.74
AntiqueWhiteHairmouth,23.71,9.88
MediumSlateBlueSectionberg,40.87,3.29
WheatIncludeport,73.68,1.96
DarkTurquoiseClearlymouth,93.83,5.41
LightSteelBlueLongmouth,28.59,2.7
WheatEspeciallyville,43.92,4.95
PeruAboutstad,4.79,1.22
SeaShellSomeonehaven,37.25,2.88
MediumOrchidSpecialhaven,14.08,6.75
BlackWorkport,55.46,4.79
MediumVioletRedCarmouth,53.87,5.84
RosyBrownLikeberg,35.59,2.14
DarkSlateBlueEveryonebury,46.59,1.08
DeepSkyBlueTeachermouth,62.14,2.28
PapayaWhipSafechester,75.14,7.1
SilverTryport,1.6,8.0
DarkBlueSerieshaven,42.75,7.9
AquamarineRepublicanshire,97.78,6.08
DarkCyanBadborough,83.84,9.3
PlumSharefort,94.23,4.3
PeruDevelopmentbury,49.24,3.2
LightGreenSevenfort,79.06,6.3
AquamarineGostad,96.78,0.95
CrimsonBedborough,97.06,2.31
DarkRedEconomicchester,71.74,8.18
DarkGrayAdmitside,77.96,4.19
LightSkyBlueThingview,37.0,5.46
PlumRecentlychester,9.96,1.46
MediumSeaGreenWithinside,12.54,6.24
AntiqueWhiteSonmouth,75.23,2.22
DarkRedAvoidshire,15.43,3.97
OrangeRedManageborough,72.46,2.61
KhakiCarryport,50.02,4.77
LightGreenNoticechester,20.97,5.07
GreenYellowAgainstberg,71.55,4.65
DimGraySystemview,83.68,7.21
MediumVioletRedLocalport,70.98,0.15
DarkSlateBlueEdgetown,96.99,4.54
MediumVioletRedCenturyshire,57.37,2.24
BlueVioletInsidefort,23.14,3.57
SandyBrownToberg,92.81,9.92
DarkMagentaWidefurt,36.44,1.63
ForestGreenBankburgh,94.93,8.19
MediumAquaMarineHugechester,83.13,9.94
GreenYellowOncefurt,12.76,3.36
LightSkyBlueDiscussview,94.24,1.46
GreenYellowControlberg,51.99,8.52
GoldenRodLiveborough,80.27,5.59
IndianRedUsstad,54.58,6.58
PeruPartymouth,53.51,6.12
DarkSlateGrayVeryview,36.17,7.88
MediumOrchidPersonshire,43.59,2.79
YellowGreenGuessburgh,62.64,5.26
LightPinkBecomechester,32.3,5.14
GainsboroFinalmouth,18.93,2.1
PeachPuffExampleview,66.67,0.47
RedExisthaven,59.39,6.85
MediumTurquoiseUpville,97.57,4.61
DarkRedCouldtown,47.91,1.93
IndianRedRightview,45.58,6.9
LightPinkThroughside,94.98,3.14
DarkOrchidSincemouth,56.57,4.29
DimGrayTodayview,36.68,5.9
ForestGreenWhetherburgh,27.23,0.78
DarkGreenFocusbury,94.72,2.35
FireBrickNearside,97.93,2.61
GreenYellowVeryfurt,73.34,5.05
DarkOrchidSurfacefurt,11.56,7.8
NavajoWhiteSisterborough,42.25,2.64
SnowInternationalland,86.07,7.67
SnowWeightmouth,24.05,2.82
BlueInformationtown,11.29,6.75
GrayYourselfland,19.24,4.85
DarkOliveGreenNoneside,6.99,6.44
DarkVioletYardborough,65.46,1.46
GoldRespondton,14.12,2.33
LightSteelBlueHospitalbury,49.43,4.4
PaleVioletRedMatterchester,56.59,6.16
AquamarinePlayshire,62.33,2.02
PaleTurquoiseRichport,9.48,8.85
OliveGuessville,15.3,8.37
MagentaDaughtermouth,35.38,2.73
LightBlueListton,45.74,3.45
PaleTurquoiseSummermouth,28.29,2.88
WheatDreamport,25.07,1.1
LightGreenGirlfurt,71.02,7.06
DarkOrchidIfville,4.47,4.2
LimeExactlyview,9.37,8.35
DarkMagentaServiceville,44.52,1.1
LightPinkElseville,23.05,9.19
MistyRoseSeveralshire,47.93,4.12
PaleGreenInvestmenthaven,77.84,5.01
IndianRedRaisemouth,84.97,3.53
RosyBrownConsumershire,9.4,1.18
DarkCyanGoalfurt,2.28,9.92
SkyBlueTheoryshire,46.88,0.93
GreenYellowBorntown,46.22,5.7
FireBrickCertainlyport,49.89,5.06
LemonChiffonBreakmouth,62.94,3.08
CrimsonNationalhaven,81.35,7.25
MediumBlueSevenchester,27.98,3.55
DarkSlateBlueEducationborough,41.36,4.58
ForestGreenAmounttown,45.48,5.37
BlueVioletDecisionton,63.21,7.54
WhiteSmokeAgainport,75.24,1.65
YellowSomethingview,22.58,8.06
PaleGoldenRodOnport,29.31,6.32
DarkSlateBlueEnvironmentstad,37.68,1.51
CornsilkFoodstad,33.2,2.89
BlueVioletOwnerchester,60.85,3.16
BisqueFirstborough,36.1,1.39
SteelBlueManageville,14.82,8.89
BlackStorechester,26.94,3.79
DarkBlueIncludinghaven,1.9,0.58
SteelBlueSevenmouth,58.17,6.17
AquamarineWonderbury,31.62,6.11
BrownRoleland,23.36,1.95
MediumVioletRedLeaderland,56.19,3.07
MediumSpringGreenApplytown,17.61,6.13
CadetBlueRecordberg,83.78,4.58
GainsboroSayland,4.2,9.63
LinenMaybeville,12.4,9.41
MediumSlateBlueEastport,68.65,5.24
IvoryNicemouth,3.04,8.77
DarkGoldenRodWhoseport,55.03,3.6
LightSeaGreenOntohaven,24.18,6.05
PinkWhitemouth,23.3,5.06
ChocolateWithside,58.76,9.66
OrangeDebateborough,65.33,6.05
DarkSeaGreenWatchmouth,38.25,2.31
TanPositionport,25.13,3.66
LightSalmonPagebury,85.84,1.42
SlateBlueThroughport,1.98,4.77
LightSteelBluePmstad,27.03,3.77
SteelBlueThatstad,55.41,5.72
WheatWindport,55.0,9.95
PeruGoodside,94.47,4.24
AzureDifficultview,95.9,6.7
PapayaWhipCoachfurt,90.29,2.93
TanNumberside,86.39,2.94
DeepPinkCompanyhaven,42.42,0.54
OliveDrabTeamside,58.13,3.26
LavenderBlushWinbury,98.85,3.98
OrangeWhosebury,86.23,1.52
SiennaGiveberg,85.97,1.43
WhiteSmokeWinborough,84.08,9.92
DarkSlateGrayIstad,98.93,9.66
SandyBrownAgentborough,96.02,7.03
LightBlueDogstad,16.63,1.02
MediumPurpleVeryburgh,35.12,4.71
IvoryJobbury,68.57,2.78
CoralAcceptfort,44.85,5.39
DeepSkyBlueHundredborough,83.89,6.12
CadetBlueExperiencestad,16.21,1.83
LightSlateGrayTruthberg,81.19,3.41
SlateGrayRecentlychester,62.39,6.3
ChartreuseAsland,96.52,7.79
MoccasinBabymouth,16.64,4.87
MidnightBlueReadport,41.12,7.94
MintCreamReallyshire,32.37,4.13
TurquoiseWhereton,12.5,0.28
PapayaWhipRangeside,52.13,4.77
DarkGrayDoorville,38.0,0.8
SilverParticularhaven,3.02,6.84
BeigeFloorville,82.87,6.92
TurquoiseReduceberg,71.12,0.41
DarkOrangeColdburgh,71.32,0.11
SlateGraySeniorchester,10.68,1.73
GreenBothport,4.34,7.01
LightSeaGreenLossside,97.97,1.94
SeaGreenStuffport,55.11,5.64
LightSalmonDirectorfort,48.99,8.0
OrangeRedChildtown,21.11,0.16
FloralWhiteResultburgh,56.11,9.4
GoldenRodCurrentside,87.85,6.54
SaddleBrownIffort,3.84,0.28
BisqueUntiltown,37.75,0.41
NavySkillshire,49.52,4.15
PaleVioletRedRealview,45.16,0.81
MediumBlueBeatshire,15.05,6.36
TurquoiseRockfort,83.72,2.06
SeaShellCoverland,73.79,8.66
WhiteSmokeParticularton,2.52,0.65
AliceBlueMeanside,38.41,0.68
MediumTurquoiseSecurityfort,33.12,4.28
ChartreuseTonightton,69.96,9.71
BrownYeahtown,19.26,1.46
OrchidWriteberg,76.51,4.4
CornsilkDrivefort,96.21,5.26
LightPinkWithoutmouth,46.82,1.15
ForestGreenFromfort,67.9,0.11
WhiteSmokeUseton,6.71,0.17
MediumAquaMarineReturnstad,60.47,1.21
PinkGrowbury,45.37,6.05
DarkTurquoiseExpectborough,12.42,4.62
LightGoldenRodYellowThenton,95.98,0.5
TomatoAlsoberg,47.01,0.43
GreenLargeville,29.11,2.0
AzurePullside,93.85,5.14
BurlyWoodSchoolmouth,92.42,9.36
DodgerBlueSomethingbury,19.43,5.94
RedWalkfurt,98.76,0.51
BrownResttown,19.38,3.89
LightBlueMusictown,92.25,2.33
OrchidVeryland,53.23,2.69
PaleGreenWrongmouth,57.94,9.47
LightSeaGreenHandbury,4.78,7.29
DarkKhakiCoachmouth,25.04,9.77
OliveOrton,7.87,2.16
FireBrickEventown,5.91,7.98
MediumTurquoiseTreeland,99.86,8.49
VioletMissionmouth,1.56,1.49
LightCyanDifferenceville,95.64,5.68
MediumVioletRedEyeport,80.45,3.01
TanIndicateport,54.61,5.9
DarkBlueIndustryburgh,1.76,9.03
MediumVioletRedLinebury,79.69,3.52
SpringGreenWeekmouth,39.87,9.34
ChocolateEasyland,31.73,6.25
VioletMoveberg,89.29,6.57
DarkSlateBlueCentershire,87.6,8.29
SlateBlueRealizeberg,24.07,8.31
DarkGoldenRodFollowland,15.27,7.4
PaleTurquoiseAlwayshaven,35.38,0.21
YellowSceneburgh,16.39,8.05
GreenTownberg,17.41,2.72
MediumOrchidTowardburgh,88.93,3.95
MediumBlueMovementburgh,62.62,6.39
LightSkyBlueThanchester,51.26,4.83
GoldNorstad,5.04,2.51
KhakiLifefort,24.84,5.84
MidnightBlueFallfort,50.57,5.05
LightSkyBlueSourcefurt,72.9,8.4
PaleGreenAloneton,91.59,5.13
DarkGreenMotherville,65.52,2.79
DarkOrangeAdministrationberg,57.11,5.7
BrownOurland,26.6,1.36
OliveMyselfberg,13.23,7.8
RedThereside,87.29,1.64
LightSkyBlueArmburgh,41.54,2.47
MediumSeaGreenConsiderton,69.72,1.01
TanLegfurt,87.42,4.95
PeachPuffCenturyview,78.63,8.42
AntiqueWhiteImpacttown,39.17,8.73
PinkCardview,26.2,9.56
DarkOliveGreenThanmouth,97.82,9.04
WhiteFundstad,3.38,5.11
PaleGoldenRodRoomfurt,5.28,8.03
VioletEntireborough,57.28,1.19
SlateGrayAgainfort,33.08,4.28
LavenderBlushOwnfort,13.08,7.03
BlueVioletCommunityberg,94.99,2.06
SandyBrownSeatland,32.06,7.92
LimeAffectville,16.25,2.26
IndianRedBecomeshire,36.29,6.23
ThistleThreefurt,84.0,7.76
AquamarineStarfurt,43.13,0.11
SeaShellMeethaven,21.41,1.95
SandyBrownTenville,95.83,9.78
RoyalBlueTownhaven,34.06,2.13
DarkBlueFundport,58.7,1.3
PinkNorthmouth,59.76,0.21
DeepSkyBlueYourchester,26.94,4.34
DarkMagentaHermouth,57.51,6.66
MediumVioletRedArriveview,26.48,3.16
ChartreuseLanguagetown,8.39,7.76
DarkTurquoiseTownton,34.04,1.74
PaleGoldenRodRelateton,74.34,2.82
SaddleBrownFutureberg,96.61,2.24
DarkVioletStuffstad,89.57,5.05
LavenderBlushSevenchester,93.47,4.51
LightGoldenRodYellowNearberg,40.35,3.1
PinkBoymouth,63.48,9.18
MoccasinRememberville,52.93,6.64
MediumVioletRedPurposeshire,30.7,7.05
DarkGrayStartport,15.7,5.36
DodgerBlueFewville,21.33,5.22
WhiteAcrossmouth,81.17,9.06
SnowIfland,2.41,5.56
LightGreenBeberg,66.05,1.04
SlateGrayInside,61.13,0.96
LightSteelBlueDirectorbury,82.17,6.74
SandyBrownEspeciallychester,94.02,3.27
SandyBrownEnoughton,83.62,5.55
PurpleLowview,47.9,2.46
BlanchedAlmondGoalland,38.2,7.26
DarkSalmonRealizeburgh,99.46,1.78
DeepSkyBlueStreetburgh,54.9,7.74
OrchidConcernfort,60.23,3.95
LightSeaGreenMomentchester,41.37,9.66
MediumPurpleRangeburgh,13.0,6.16
PapayaWhipParentmouth,56.44,7.59
DarkCyanRadioshire,58.74,1.96
MidnightBluePayStreet,54.96,9.02
HotPinkUpmouth,51.77,0.53
LightSkyBlueTrueberg,76.69,5.59
CoralHisstad,47.23,3.82
DarkBlueStandardmouth,71.54,2.38
AntiqueWhiteTaskton,49.43,5.03
CornsilkPopulationmouth,94.7,2.21
OrchidChooseville,49.05,0.4
AzureSpendberg,50.73,8.12
DarkVioletRiskshire,46.12,6.34
CoralRaisestad,27.96,7.41
MidnightBlueFlybury,42.37,6.73
LightCyanProfessorview,36.3,1.58
DarkSlateGrayHearberg,6.74,1.57
MediumOrchidDirectionville,84.08,0.96
TomatoCallmouth,82.43,0.28
AquamarineHighberg,60.91,0.64
ChartreuseAddressmouth,1.16,8.51
BrownProveport,90.45,6.66
MaroonColdmouth,55.35,6.49
FuchsiaMoststad,69.54,8.65
DarkOrchidOntoburgh,88.16,6.43
CornsilkAdministrationview,60.0,5.1
LinenIfport,79.98,7.87
PaleGoldenRodWithoutberg,17.26,6.93
MidnightBlueMomenttown,38.43,4.8
AliceBlueAudienceland,89.01,4.64
BlueMainshire,88.7,0.65
MoccasinElectionport,33.29,7.12
LightPinkHealthfort,42.67,8.46
MoccasinColormouth,84.48,0.4
CoralAnothershire,1.91,4.91
LightPinkProvideberg,83.21,7.82
SaddleBrownConditionside,47.29,9.29
MintCreamAreaville,44.37,5.76
MistyRoseMentionton,63.89,7.09
LinenTeamberg,36.43,0.24
LightGoldenRodYellowFightport,69.72,8.74
BurlyWoodThisfurt,60.36,5.43
DarkMagentaReduceport,41.05,2.35
MediumAquaMarineQuiteside,41.62,3.58
LightSalmonAffecthaven,24.44,3.12
MediumSpringGreenPossibleborough,38.5,0.27
OldLacePointfort,40.19,9.34
DarkTurquoiseTheville,96.88,8.06
LightGreenPoorhaven,1.09,8.03
OldLaceFocusview,16.02,7.09
YellowGreenDiscussionport,49.12,0.76
NavyWhethermouth,44.13,1.06
SilverStationland,27.47,5.59
ThistleAuthortown,36.89,5.4
DarkCyanListton,17.58,9.0
IndianRedGrowthchester,58.73,9.75
SeaShellSummerside,41.31,2.01
GoldUndershire,78.92,0.24
SlateBlueSpecialchester,81.88,8.01
MediumAquaMarineShareshire,80.44,9.64
RoyalBlueLeadmouth,61.03,2.26
FuchsiaBackfort,18.65,8.21
VioletFarfort,51.76,2.09
OrangeTimeside,9.86,6.81
MistyRoseAppearbury,3.03,1.91
LawnGreenContinueshire,95.6,2.04
LightSlateGrayAgainberg,98.07,5.39
AquamarineBeforeland,14.88,2.62
MediumAquaMarineDemocraticberg,73.06,5.26
DarkRedImportantfort,48.62,4.64
FuchsiaStilltown,90.51,3.33
GoldAgreefurt,43.02,4.26
MediumBlueThemside,42.85,8.43
DarkOrchidSmileburgh,73.85,6.22
LemonChiffonAddressville,93.32,7.79
TealDreamside,16.31,4.65
GoldSpringland,9.22,8.24
AquamarineAtside,25.8,3.64
VioletNewsfurt,52.45,1.62
MediumOrchidConditionfurt,90.68,3.82
DarkSalmonMayshire,47.68,5.54
SpringGreenItborough,27.18,7.29
DarkVioletOfficerchester,70.0,0.56
OliveHourland,36.49,5.84
BurlyWoodLearnstad,92.92,1.1
CornsilkKnowmouth,6.2,8.17
PeruSufferhaven,30.9,2.63
MistyRoseAnotherville,79.63,8.68
DarkTurquoiseLookchester,48.05,0.92
GoldGofort,73.35,3.19
GoldFathershire,76.58,0.9
MediumSeaGreenAlsoshire,55.04,4.09
FireBrickDrawchester,75.05,2.25
TomatoDrawburgh,77.66,6.09
BlackHumanchester,96.49,8.38
PinkWithfort,3.87,7.57
DarkGrayNeedport,38.66,7.34
DarkOliveGreenWhenside,20.1,4.06
PaleTurquoiseGirlville,86.58,7.25
PurpleOutmouth,86.28,4.1
BlackCrimehaven,96.7,4.12
SalmonCommercialland,80.59,3.14
DarkGreenFormmouth,77.31,2.69
PaleGreenEconomyfurt,30.53,2.78
CrimsonIndustryville,63.92,5.1
LightCyanArmland,83.31,6.24
LightGrayEitherview,66.43,5.65
NavyThenmouth,32.96,0.63
DarkOrangeNotown,71.07,8.47
RedPmside,78.96,8.86
WhiteSideburgh,35.03,0.55
IndianRedRoomberg,79.02,6.83
LimeGreenPressuretown,87.82,4.28
PaleVioletRedAmongberg,88.51,1.28
SteelBlueThemmouth,84.0,0.49
OrangeImagineton,70.17,6.26
DarkMagentaPresenttown,15.38,8.34
VioletDiscussionmouth,78.04,9.4
GhostWhiteSituationside,79.22,1.13
CornsilkCarryburgh,43.77,7.36
AliceBlueSimplyton,46.3,6.77
DodgerBlueMajorityton,16.82,0.29
OliveDrabHowevermouth,34.09,2.77
LavenderCouldland,33.6,7.43
LightSeaGreenSportmouth,68.34,5.19
DarkTurquoiseHerselfville,96.57,4.68
DimGrayRadioton,1.87,2.27
SeaGreenNorthchester,35.28,3.38
ChocolateAllfurt,76.37,4.69
HoneyDewForgetshire,78.36,7.36
WheatListtown,8.42,8.31
MediumBlueProducechester,53.81,2.58
DeepPinkDoville,90.5,8.43
ChartreuseWriteborough,45.88,9.76
MoccasinRepublicanside,2.73,4.62
TurquoiseFormport,88.37,9.08
DarkOrangePopulationhaven,84.49,6.18
IvoryHundredbury,57.51,7.05
SeaGreenRepublicanland,80.58,5.07
BeigeAlmostborough,72.74,3.65
SteelBlueCostton,14.88,0.55
LinenVariousfort,53.4,3.05
DeepSkyBlueDiscussionchester,45.0,9.5
ForestGreenExperienceville,75.07,4.76
LemonChiffonElseport,18.58,9.33
PowderBlueDegreestad,56.27,1.3
AzureDoorland,23.43,5.68
LimeRecentstad,23.63,9.05
DarkCyanDrugfurt,32.88,9.1
LightSkyBlueMoneyborough,42.51,2.05
OliveDrabCourtchester,27.08,3.06
CadetBlueSavehaven,85.22,2.88
LightSkyBlueStocktown,76.51,5.98
RedMaintainfurt,81.76,9.69
DarkSeaGreenYourselfburgh,71.89,9.62
DeepSkyBlueSystemland,74.09,3.32
MaroonLooktown,57.4,8.66
BlackFederalborough,77.72,0.88
GreenPossiblemouth,83.14,2.25
LimeGreenMustburgh,83.32,0.33
SiennaMarriagebury,82.06,7.55
AntiqueWhiteEventstad,90.07,2.61
LavenderViewhaven,99.74,9.73
RoyalBlueWideberg,23.47,8.74
DarkKhakiRockville,3.05,8.76
OliveDrabAddressburgh,13.64,9.36
DarkOliveGreenCouplehaven,24.21,2.1
LavenderMrberg,94.74,5.69
DarkBlueWriterland,97.07,6.84
LavenderBlushLeftbury,98.92,3.43
OrangeRedThoughside,38.36,8.62
ForestGreenNoneport,21.2,1.79
LightPinkSixville,32.15,6.5
IndigoFatherberg,24.14,2.58
OldLaceTurnside,2.53,5.56
VioletLevelfort,19.62,3.13
IvorySeefurt,71.61,0.37
PurpleWrongton,46.27,8.62
WheatSendstad,45.68,2.25
MediumSpringGreenSummertown,58.93,2.18
DarkSalmonLayton,70.48,9.9
PeachPuffBoardton,46.25,8.92
TurquoiseYouland,91.85,9.12
LightCoralGuystad,60.03,3.92
RosyBrownStructureview,56.15,5.04
DarkRedGunborough,55.37,7.64
AliceBlueDrugfurt,4.68,7.76
LightSteelBluePmberg,54.99,8.17
AquamarineInsteadland,75.31,0.35
OldLaceFreefurt,34.02,8.49
SteelBlueBankbury,63.88,5.9
HoneyDewAgetown,46.22,2.33
PaleVioletRedMomenthaven,55.2,7.69
HoneyDewHimtown,97.17,2.64
DodgerBlueLittleberg,95.74,3.87
GoldArmville,82.63,1.8
FireBrickBornmouth,73.61,3.06
TanNoticeside,57.08,4.19
MediumPurpleAtchester,38.13,2.59
GoldenRodWishland,47.98,1.47
MediumSlateBlueProfessionalburgh,13.02,6.03
GrayTellside,25.57,8.0
TealIncludingchester,47.75,1.1
GainsboroThusbury,37.05,1.47
BlanchedAlmondGardenberg,2.13,2.36
SaddleBrownTripburgh,20.07,3.0
AntiqueWhiteDecadechester,48.98,9.23
LightGreenPresentberg,84.32,9.33
OliveDrabIffurt,54.88,5.03
SkyBlueOutshire,32.58,4.97
MediumSlateBlueRespondchester,1.59,9.19
KhakiWaterport,94.62,9.34
LightSeaGreenLevelmouth,71.64,5.47
MediumVioletRedOthersberg,7.55,4.06
OrangeRedSufferborough,30.08,8.11
MintCreamDespitetown,64.41,3.39
CornflowerBluePolicefort,68.96,9.72
MediumSpringGreenWearborough,45.44,3.32
LightGrayBecauseshire,67.5,1.44
AntiqueWhiteAboveshire,60.73,8.67
WheatActivitystad,36.08,8.44
LinenLawyerton,75.41,1.77
SteelBluePerton,12.49,6.99
AliceBlueMoviemouth,64.23,3.14
SiennaWonderstad,41.0,3.71
DarkRedAlsoland,79.08,6.82
DarkGreenEithershire,11.22,5.83
TomatoAgentville,39.93,8.47
DarkGoldenRodMaterialborough,1.6,7.8
BlanchedAlmondFinalmouth,16.87,5.73
SpringGreenSingland,13.22,1.15
DarkMagentaItsshire,4.62,3.75
SandyBrownBenefitchester,76.31,7.35
BrownRecentlystad,91.71,0.18
LightPinkSaveton,49.29,5.24
VioletCurrentbury,2.42,8.51
PaleGreenThesechester,83.53,9.26
LightSeaGreenSetport,98.06,3.56
LightSlateGrayBehaviorchester,82.06,6.96
DarkCyanBoardbury,81.87,3.81
TanEasyshire,5.6,0.8
GainsboroFarstad,85.6,2.6
MistyRoseRequiremouth,2.63,5.82
GrayElectionside,93.81,2.26
